ChargerId,OperatorAbb,OperatorName,City,Lat,Lon
AVR-80001,ATL,"Atlante Infra Portugal, S.A",Aveiro,40.633755,-8.656367
CBR-80004,ATL,"Atlante Infra Portugal, S.A",Coimbra,40.21529,-8.413305
CSC-80003,ATL,"Atlante Infra Portugal, S.A",Cascais,38.70044,-9.417953
LSB-80054,ATL,"Atlante Infra Portugal, S.A",Lisboa,38.706917,-9.171578
LSB-80076,ATL,"Atlante Infra Portugal, S.A",Lisboa,38.715515,-9.163522
PTM-00052,ATL,"Atlante Infra Portugal, S.A",Portimão,37.14684,-8.54953
TVR-00019,ATL,"Atlante Infra Portugal, S.A",Tavira,37.130795,-7.636866
TVR-00020,ATL,"Atlante Infra Portugal, S.A",Tavira,37.130795,-7.636866
LSB-00975,REP,REPSOL PORTUGUESA LDA,Lisboa,38.74327,-9.21075
